user_name,first_name,last_name,email
cfitton0,Caria,Fitton,cfitton0@sogou.com
bjohanchon1,Beckie,Johanchon,bjohanchon1@furl.net
hmatushevich2,Hartwell,Matushevich,hmatushevich2@aol.com
varnauduc3,Vincents,Arnauduc,varnauduc3@weibo.com
cdenajera4,Clyde,de Najera,cdenajera4@cbslocal.com
thinkensen5,Terrance,Hinkensen,thinkensen5@goodreads.com
chankinson6,Carrie,Hankinson,chankinson6@uiuc.edu
aclemenzo7,Aldwin,Clemenzo,aclemenzo7@fotki.com
sgorthy8,Svend,Gorthy,sgorthy8@census.gov
jgodbold9,Juanita,Godbold,jgodbold9@a8.net
emillmoea,Erhard,Millmoe,emillmoea@example.com
jloakesb,Joy,Loakes,jloakesb@ezinearticles.com
emcsarryc,Emmett,Mcsarry,emcsarryc@smugmug.com
mchatd,Marigold,Chat,mchatd@geocities.com
jdeakine,Jamison,Deakin,jdeakine@blogs.com
bmaccartf,Brit,MacCart,bmaccartf@alexa.com
acrosfeldg,Aharon,Crosfeld,acrosfeldg@ifeng.com
hcarolih,Hayyim,Caroli,hcarolih@thetimes.co.uk
djayumei,Daloris,Jayume,djayumei@hao123.com
vlewsamj,Victoir,Lewsam,vlewsamj@ycombinator.com
ahealesk,Amalie,Heales,ahealesk@google.com.au
ndawidl,Nathalie,Dawid,ndawidl@domainmarket.com
gbrogionim,Grier,Brogioni,gbrogionim@ning.com
szealyn,Sileas,Zealy,szealyn@admin.ch
mcartmillo,Mordecai,Cartmill,mcartmillo@techcrunch.com
jcooksleyp,Jacques,Cooksley,jcooksleyp@tiny.cc
ecottamq,Elise,Cottam,ecottamq@mediafire.com
ngemnettr,Nils,Gemnett,ngemnettr@yahoo.co.jp
tlowries,Theo,Lowrie,tlowries@nytimes.com
dcowdryt,Debee,Cowdry,dcowdryt@live.com
ayukhinu,Alena,Yukhin,ayukhinu@fotki.com
telsmerev,Tonnie,Elsmere,telsmerev@ning.com
cyeilesw,Carolee,Yeiles,cyeilesw@prweb.com
bbailissx,Bertrand,Bailiss,bbailissx@addthis.com
oocarrany,Orsa,O'Carran,oocarrany@omniture.com
bfuncheonz,Boycie,Funcheon,bfuncheonz@studiopress.com
aquinton10,Aubree,Quinton,aquinton10@usnews.com
mferreiro11,Mary,Ferreiro,mferreiro11@cmu.edu
clux12,Cordi,Lux,clux12@wisc.edu
giddens13,Garrard,Iddens,giddens13@google.ru
ngabe14,Nesta,Gabe,ngabe14@sina.com.cn
dcellone15,Dilan,Cellone,dcellone15@marketwatch.com
nhaggarty16,Nickey,Haggarty,nhaggarty16@histats.com
klazell17,Kerwin,Lazell,klazell17@newyorker.com
rdaspar18,Renaud,Daspar,rdaspar18@cocolog-nifty.com
ddelgua19,Dagny,Delgua,ddelgua19@rakuten.co.jp
lklainer1a,Lonnard,Klainer,lklainer1a@blogspot.com
dwigley1b,Dionis,Wigley,dwigley1b@issuu.com
dcollecott1c,Damaris,Collecott,dcollecott1c@nasa.gov
jheadington1d,Jolene,Headington,jheadington1d@amazon.de
csanto1e,Casandra,Santo,csanto1e@linkedin.com
growlstone1f,Gerald,Rowlstone,growlstone1f@discovery.com
kwitheford1g,Kyle,Witheford,kwitheford1g@biblegateway.com
ttrehearne1h,Tyrone,Trehearne,ttrehearne1h@i2i.jp
lgoodwin1i,Lindsey,Goodwin,lgoodwin1i@reddit.com
tsubhan1j,Torey,Subhan,tsubhan1j@nps.gov
pmcveighty1k,Peta,McVeighty,pmcveighty1k@sina.com.cn
fsiemandl1l,Fabe,Siemandl,fsiemandl1l@desdev.cn
cperris1m,Chariot,Perris,cperris1m@friendfeed.com
mstute1n,Mickie,Stute,mstute1n@dedecms.com
chucker1o,Cecil,Hucker,chucker1o@google.co.uk
lhenrique1p,Lynnell,Henrique,lhenrique1p@ocn.ne.jp
jmilsted1q,Jaquenetta,Milsted,jmilsted1q@stanford.edu
rmuzzall1r,Rasia,Muzzall,rmuzzall1r@wp.com
mharly1s,Madelin,Harly,mharly1s@yellowbook.com
sgiuron1t,Say,Giuron,sgiuron1t@fda.gov
ilampert1u,Isabeau,Lampert,ilampert1u@techcrunch.com
stejada1v,Shurlocke,Tejada,stejada1v@reference.com
bshearsby1w,Boot,Shearsby,bshearsby1w@indiatimes.com
aguillford1x,Allina,Guillford,aguillford1x@diigo.com
tdigiorgio1y,Tully,Di Giorgio,tdigiorgio1y@tinypic.com
hhuthart1z,Henrietta,Huthart,hhuthart1z@samsung.com
jcoveny20,Jerrine,Coveny,jcoveny20@goodreads.com
gashmole21,Gibb,Ashmole,gashmole21@geocities.jp
tcardno22,Towny,Cardno,tcardno22@feedburner.com
zpyner23,Zilvia,Pyner,zpyner23@china.com.cn
jsandom24,Janaye,Sandom,jsandom24@princeton.edu
jkliement25,Joye,Kliement,jkliement25@nyu.edu
gtoone26,Gonzales,Toone,gtoone26@irs.gov
wpaish27,Wynn,Paish,wpaish27@adobe.com
amaclucais28,Aline,MacLucais,amaclucais28@google.it
ncallaby29,Nanine,Callaby,ncallaby29@cocolog-nifty.com
ajude2a,Amelita,Jude,ajude2a@timesonline.co.uk
mlittleover2b,Maurita,Littleover,mlittleover2b@tmall.com
ryapp2c,Renata,Yapp,ryapp2c@youku.com
hkilgrew2d,Haze,Kilgrew,hkilgrew2d@state.tx.us
rchown2e,Reynolds,Chown,rchown2e@ifeng.com
jcamois2f,Joletta,Camois,jcamois2f@dmoz.org
creid2g,Casar,Reid,creid2g@loc.gov
olamanby2h,Olivia,Lamanby,olamanby2h@t-online.de
bbumphrey2i,Barnard,Bumphrey,bbumphrey2i@live.com
msnasel2j,Meggi,Snasel,msnasel2j@slashdot.org
mdoubrava2k,Moll,Doubrava,mdoubrava2k@diigo.com
mcrampin2l,Melisandra,Crampin,mcrampin2l@themeforest.net
zglackin2m,Zorah,Glackin,zglackin2m@umn.edu
acape2n,Ansell,Cape,acape2n@unc.edu
sbatram2o,Skipper,Batram,sbatram2o@example.com
rschulken2p,Raquel,Schulken,rschulken2p@microsoft.com
hroderighi2q,Hildegaard,Roderighi,hroderighi2q@buzzfeed.com
gcurnock2r,Grantley,Curnock,gcurnock2r@alexa.com
wstreeter2s,Wilmer,Streeter,wstreeter2s@liveinternet.ru
tdomican2t,Tades,Domican,tdomican2t@sakura.ne.jp
bmartlew2u,Bidget,Martlew,bmartlew2u@twitter.com
dpearson2v,Daphene,Pearson,dpearson2v@exblog.jp
mivanusyev2w,Marie-jeanne,Ivanusyev,mivanusyev2w@nba.com
mtedridge2x,Marrissa,Tedridge,mtedridge2x@ca.gov
lstuttman2y,Lulita,Stuttman,lstuttman2y@bloglines.com
spoynton2z,Sibella,Poynton,spoynton2z@wikimedia.org
rlyburn30,Randa,Lyburn,rlyburn30@furl.net
awooldridge31,Augustine,Wooldridge,awooldridge31@gizmodo.com
lcumber32,Lizabeth,Cumber,lcumber32@google.cn
sfullerton33,Saba,Fullerton,sfullerton33@dropbox.com
ldimatteo34,Loleta,Di Matteo,ldimatteo34@army.mil
okillgus35,Ola,Killgus,okillgus35@smugmug.com
ffrantsev36,Findley,Frantsev,ffrantsev36@jugem.jp
dzellmer37,Dierdre,Zellmer,dzellmer37@purevolume.com
lbruin38,Lynn,Bruin,lbruin38@usgs.gov
laubray39,Lucille,Aubray,laubray39@state.gov
mbrumbie3a,Missie,Brumbie,mbrumbie3a@etsy.com
tboise3b,Teddie,Boise,tboise3b@aboutads.info
fbuxey3c,Flory,Buxey,fbuxey3c@networksolutions.com
lketcher3d,Laurence,Ketcher,lketcher3d@washington.edu
mlengthorn3e,Malory,Lengthorn,mlengthorn3e@businessinsider.com
dbelsher3f,Doyle,Belsher,dbelsher3f@reuters.com
cscanlon3g,Cross,Scanlon,cscanlon3g@gmpg.org
bglisane3h,Burg,Glisane,bglisane3h@scribd.com
mhenbury3i,Mahmud,Henbury,mhenbury3i@hibu.com
cbenda3j,Casandra,Benda,cbenda3j@netlog.com
hjannequin3k,Hazlett,Jannequin,hjannequin3k@webnode.com
mbrigman3l,Mikey,Brigman,mbrigman3l@wordpress.org
flemerie3m,Fancy,Lemerie,flemerie3m@qq.com
epaddle3n,Erinna,Paddle,epaddle3n@hp.com
rcourtliff3o,Ronni,Courtliff,rcourtliff3o@123-reg.co.uk
lpawelski3p,Lothario,Pawelski,lpawelski3p@marketwatch.com
jriall3q,Jess,Riall,jriall3q@discuz.net
jharridge3r,Jeanie,Harridge,jharridge3r@ycombinator.com
gbroader3s,Gloriana,Broader,gbroader3s@pinterest.com
nsymper3t,Nonna,Symper,nsymper3t@cdbaby.com
msiddall3u,Murdock,Siddall,msiddall3u@zimbio.com
cbasnett3v,Corbin,Basnett,cbasnett3v@uiuc.edu
lgreest3w,Lynn,Greest,lgreest3w@mtv.com
lthieme3x,Leonora,Thieme,lthieme3x@indiegogo.com
apardie3y,Abigael,Pardie,apardie3y@com.com
jhowlings3z,Janetta,Howlings,jhowlings3z@livejournal.com
aphilo40,Alexia,Philo,aphilo40@apache.org
wmcquode41,Westbrook,McQuode,wmcquode41@cnbc.com
rspurryer42,Ruthanne,Spurryer,rspurryer42@slideshare.net
ntrunkfield43,Noland,Trunkfield,ntrunkfield43@cam.ac.uk
vsprowson44,Valry,Sprowson,vsprowson44@bbc.co.uk
fkilner45,Friedrick,Kilner,fkilner45@epa.gov
asutliff46,Arlin,Sutliff,asutliff46@sun.com
amcvrone47,Aloisia,McVrone,amcvrone47@cisco.com
tmquharg48,Thaddeus,M'Quharg,tmquharg48@mysql.com
dmurrell49,Danyelle,Murrell,dmurrell49@cbsnews.com
twilkin4a,Trenna,Wilkin,twilkin4a@yandex.ru
rrajchert4b,Riannon,Rajchert,rrajchert4b@parallels.com
chacquoil4c,Caitrin,Hacquoil,chacquoil4c@geocities.com
amckeefry4d,Aurilia,McKeefry,amckeefry4d@jigsy.com
rsandeman4e,Rancell,Sandeman,rsandeman4e@tripadvisor.com
lpetters4f,Lannie,Petters,lpetters4f@google.cn
llamputt4g,Linoel,Lamputt,llamputt4g@ted.com
akarel4h,Arv,Karel,akarel4h@cnbc.com
emccolgan4i,Edmon,McColgan,emccolgan4i@walmart.com
strippack4j,Scotty,Trippack,strippack4j@wufoo.com
jmccahill4k,Jaymee,McCahill,jmccahill4k@salon.com
rstubbley4l,Raychel,Stubbley,rstubbley4l@jugem.jp
gpennaman4m,Georges,Pennaman,gpennaman4m@google.nl
fblundell4n,Florry,Blundell,fblundell4n@disqus.com
mheibl4o,Marjorie,Heibl,mheibl4o@stanford.edu
fruggles4p,Farr,Ruggles,fruggles4p@ameblo.jp
ahoulaghan4q,Annabel,Houlaghan,ahoulaghan4q@whitehouse.gov
mtunkin4r,Morgen,Tunkin,mtunkin4r@nsw.gov.au
rarmin4s,Roderick,Armin,rarmin4s@msn.com
fspeeks4t,Farica,Speeks,fspeeks4t@cnet.com
kbelly4u,Kasper,Belly,kbelly4u@lycos.com
larndtsen4v,Lusa,Arndtsen,larndtsen4v@prweb.com
dtrembey4w,Delphinia,Trembey,dtrembey4w@oracle.com
lcankett4x,Lucio,Cankett,lcankett4x@umn.edu
mlowde4y,Mathias,Lowde,mlowde4y@opensource.org
djerosch4z,Damara,Jerosch,djerosch4z@kickstarter.com
areddecliffe50,Anjanette,Reddecliffe,areddecliffe50@stumbleupon.com
oarbuckle51,Ollie,Arbuckle,oarbuckle51@ibm.com
mfloyde52,Marje,Floyde,mfloyde52@mapy.cz
kickovits53,Kristian,Ickovits,kickovits53@cornell.edu
dhungerford54,Doro,Hungerford,dhungerford54@home.pl
jpostians55,Joannes,Postians,jpostians55@wisc.edu
rrumsey56,Ransom,Rumsey,rrumsey56@cam.ac.uk
bodowling57,Burtie,O'Dowling,bodowling57@ft.com
jmacswayde58,Jodie,MacSwayde,jmacswayde58@java.com
tlucia59,Tanney,Lucia,tlucia59@homestead.com
pbilam5a,Pauletta,Bilam,pbilam5a@zdnet.com
fcruddace5b,Felecia,Cruddace,fcruddace5b@shinystat.com
iskahill5c,Ilyse,Skahill,iskahill5c@ihg.com
rfirby5d,Ric,Firby,rfirby5d@people.com.cn
mwinmill5e,Miguela,Winmill,mwinmill5e@oracle.com
schishull5f,Stephannie,Chishull,schishull5f@spiegel.de
ewigg5g,Efren,Wigg,ewigg5g@pen.io
jkrout5h,Joelie,Krout,jkrout5h@histats.com
wbuten5i,Wilt,Buten,wbuten5i@people.com.cn
enesfield5j,Enriqueta,Nesfield,enesfield5j@fastcompany.com
pgiacomuzzi5k,Peirce,Giacomuzzi,pgiacomuzzi5k@meetup.com
lworgen5l,Lolita,Worgen,lworgen5l@ycombinator.com
kkensy5m,Kath,Kensy,kkensy5m@bravesites.com
aclewlowe5n,Allard,Clewlowe,aclewlowe5n@jugem.jp
ctwiddy5o,Clare,Twiddy,ctwiddy5o@imageshack.us
dvizard5p,Dolf,Vizard,dvizard5p@delicious.com
mriseley5q,Milton,Riseley,mriseley5q@cnet.com
ghume5r,Gaylor,Hume,ghume5r@accuweather.com
pswatradge5s,Pepi,Swatradge,pswatradge5s@miibeian.gov.cn
aglauber5t,Ashely,Glauber,aglauber5t@boston.com
rosuaird5u,Rani,O'Suaird,rosuaird5u@statcounter.com
avinsen5v,Aindrea,Vinsen,avinsen5v@vk.com
lardron5w,Lynea,Ardron,lardron5w@instagram.com
cpattinson5x,Caye,Pattinson,cpattinson5x@japanpost.jp
kdauby5y,Kelley,Dauby,kdauby5y@myspace.com
manselmi5z,Maximilien,Anselmi,manselmi5z@oaic.gov.au
krocks60,Karin,Rocks,krocks60@nature.com
akettell61,Alexi,Kettell,akettell61@google.de
ealywen62,Ed,Alywen,ealywen62@liveinternet.ru
gproudlock63,Gamaliel,Proudlock,gproudlock63@flavors.me
rcranfield64,Reggie,Cranfield,rcranfield64@vistaprint.com
cfilchakov65,Cami,Filchakov,cfilchakov65@uol.com.br
ascrigmour66,Adina,Scrigmour,ascrigmour66@ezinearticles.com
jduer67,Joey,Duer,jduer67@wix.com
cjerdon68,Claude,Jerdon,cjerdon68@cbc.ca
lcheal69,Lyn,Cheal,lcheal69@state.tx.us
eeilhart6a,Ernst,Eilhart,eeilhart6a@yellowpages.com
hpurnell6b,Haslett,Purnell,hpurnell6b@utexas.edu
sgoolden6c,Sandra,Goolden,sgoolden6c@hexun.com
opucker6d,Octavia,Pucker,opucker6d@accuweather.com
dscaysbrook6e,Derick,Scaysbrook,dscaysbrook6e@berkeley.edu
kpaprotny6f,Karee,Paprotny,kpaprotny6f@yahoo.co.jp
jsainteau6g,Jonathon,Sainteau,jsainteau6g@businessinsider.com
agrigorkin6h,Appolonia,Grigorkin,agrigorkin6h@dmoz.org
elonghorne6i,Eolande,Longhorne,elonghorne6i@mapy.cz
delldred6j,Deborah,Elldred,delldred6j@cbsnews.com
pdauby6k,Pepi,Dauby,pdauby6k@123-reg.co.uk
gbiaggi6l,Grantham,Biaggi,gbiaggi6l@guardian.co.uk
owrennall6m,Onofredo,Wrennall,owrennall6m@myspace.com
poliphand6n,Pascal,Oliphand,poliphand6n@hc360.com
jpude6o,Josy,Pude,jpude6o@ox.ac.uk
lbebb6p,Lenore,Bebb,lbebb6p@is.gd
urockall6q,Ulrika,Rockall,urockall6q@trellian.com
tbullant6r,Timofei,Bullant,tbullant6r@is.gd
mwrey6s,Marley,Wrey,mwrey6s@reddit.com
daymes6t,Dev,Aymes,daymes6t@tumblr.com
slanfear6u,Stanley,Lanfear,slanfear6u@paginegialle.it
dmcadam6v,Denyse,McAdam,dmcadam6v@t-online.de
prea6w,Perri,Rea,prea6w@php.net
tbritten6x,Tracy,Britten,tbritten6x@etsy.com
sfontenot6y,Sophi,Fontenot,sfontenot6y@google.pl
beiler6z,Berrie,Eiler,beiler6z@guardian.co.uk
agoodhall70,Adella,Goodhall,agoodhall70@uiuc.edu
lbastard71,Lenora,Bastard,lbastard71@sun.com
nwhannel72,Northrop,Whannel,nwhannel72@wired.com
jrubinovitch73,Joyann,Rubinovitch,jrubinovitch73@people.com.cn
cwilce74,Charlotte,Wilce,cwilce74@spiegel.de
lheigho75,Lindsey,Heigho,lheigho75@paypal.com
mclimar76,Monti,Climar,mclimar76@opera.com
codonovan77,Cindelyn,O'Donovan,codonovan77@kickstarter.com
dbullan78,Durward,Bullan,dbullan78@census.gov
twroughton79,Tito,Wroughton,twroughton79@infoseek.co.jp
thannent7a,Ted,Hannent,thannent7a@dot.gov
ssirman7b,Sheila,Sirman,ssirman7b@sphinn.com
vcicco7c,Venus,Cicco,vcicco7c@scribd.com
dduly7d,Delilah,Duly,dduly7d@quantcast.com
tpettyfar7e,Tobit,Pettyfar,tpettyfar7e@scientificamerican.com
bvarren7f,Barrett,Varren,bvarren7f@state.gov
bluparti7g,Brandon,Luparti,bluparti7g@fotki.com
mmuddle7h,Mychal,Muddle,mmuddle7h@reference.com
aconklin7i,Allyn,Conklin,aconklin7i@google.com.hk
isilby7j,Irvine,Silby,isilby7j@bloomberg.com
afruin7k,Ardisj,Fruin,afruin7k@loc.gov
hmclay7l,Hallie,McLay,hmclay7l@zdnet.com
ebithell7m,Ethelbert,Bithell,ebithell7m@yandex.ru
ihartle7n,Iona,Hartle,ihartle7n@deliciousdays.com
dbeeston7o,Dusty,Beeston,dbeeston7o@biblegateway.com
tdollin7p,Tatiania,Dollin,tdollin7p@shutterfly.com
rdymoke7q,Ricky,Dymoke,rdymoke7q@army.mil
mboughen7r,Mandel,Boughen,mboughen7r@bizjournals.com
cwillatt7s,Cacilie,Willatt,cwillatt7s@theguardian.com
lvigne7t,Lion,Vigne,lvigne7t@mac.com
cdecristoforo7u,Coletta,De Cristoforo,cdecristoforo7u@epa.gov
dsharphurst7v,Darbie,Sharphurst,dsharphurst7v@ucoz.ru
bzieme7w,Baudoin,Zieme,bzieme7w@irs.gov
bbruton7x,Bone,Bruton,bbruton7x@guardian.co.uk
jloutheane7y,Julius,Loutheane,jloutheane7y@pinterest.com
tivanshintsev7z,Terri,Ivanshintsev,tivanshintsev7z@pcworld.com
rhammerich80,Roseline,Hammerich,rhammerich80@amazon.com
dvasovic81,Dasie,Vasovic,dvasovic81@ucla.edu
rsabie82,Reinhold,Sabie,rsabie82@mysql.com
ktonna83,Kass,Tonna,ktonna83@businessweek.com
cdilley84,Caitlin,Dilley,cdilley84@sbwire.com
dpendle85,Denny,Pendle,dpendle85@discuz.net
cfysh86,Camille,Fysh,cfysh86@cbc.ca
sthresher87,Sawyere,Thresher,sthresher87@twitter.com
dwohler88,Dru,Wohler,dwohler88@army.mil
sborel89,Shirl,Borel,sborel89@newyorker.com
kescott8a,Kippy,Escott,kescott8a@github.io
mbaudacci8b,Madelene,Baudacci,mbaudacci8b@ustream.tv
ffabry8c,Felita,Fabry,ffabry8c@yellowbook.com
trochewell8d,Townie,Rochewell,trochewell8d@ted.com
mackery8e,Monty,Ackery,mackery8e@joomla.org
aclute8f,Alvy,Clute,aclute8f@washingtonpost.com
gpavek8g,Griswold,Pavek,gpavek8g@upenn.edu
ljako8h,Leonie,Jako,ljako8h@webmd.com
tduplock8i,Tadeo,Duplock,tduplock8i@w3.org
sbahia8j,Sonnie,Bahia,sbahia8j@icio.us
dbavester8k,Diandra,Bavester,dbavester8k@dailymail.co.uk
bmcartan8l,Beale,McArtan,bmcartan8l@elpais.com
mheardman8m,Minerva,Heardman,mheardman8m@stanford.edu
fleipnik8n,Francoise,Leipnik,fleipnik8n@un.org
pwoodhall8o,Phillis,Woodhall,pwoodhall8o@adobe.com
rsemark8p,Ruttger,Semark,rsemark8p@unicef.org
zlivesley8q,Zared,Livesley,zlivesley8q@hp.com
trhymes8r,Tabb,Rhymes,trhymes8r@github.com
ibeldam8s,Issiah,Beldam,ibeldam8s@hibu.com
amasterson8t,Annetta,Masterson,amasterson8t@lulu.com
csenogles8u,Chandler,Senogles,csenogles8u@wp.com
dcardenas8v,Delmore,Cardenas,dcardenas8v@paginegialle.it
jbalcombe8w,Janeva,Balcombe,jbalcombe8w@netscape.com
cjeacock8x,Catlaina,Jeacock,cjeacock8x@1und1.de
thenniger8y,Tasia,Henniger,thenniger8y@topsy.com
prollings8z,Prissie,Rollings,prollings8z@jigsy.com
bkightly90,Barb,Kightly,bkightly90@whitehouse.gov
mfessions91,Miof mela,Fessions,mfessions91@theguardian.com
rcrenage92,Ravid,Crenage,rcrenage92@hp.com
ngalea93,Nichol,Galea,ngalea93@ycombinator.com
lbroschek94,Laura,Broschek,lbroschek94@barnesandnoble.com
ggoodship95,Grissel,Goodship,ggoodship95@geocities.com
mdallicoat96,Maybelle,Dallicoat,mdallicoat96@gnu.org
nzecchinelli97,Nicola,Zecchinelli,nzecchinelli97@blogger.com
tbrim98,Temple,Brim,tbrim98@reference.com
vpunt99,Vladamir,Punt,vpunt99@deliciousdays.com
mshallcroff9a,Maisie,Shallcroff,mshallcroff9a@1688.com
cdedomenici9b,Cecilla,De Domenici,cdedomenici9b@statcounter.com
lnice9c,Lane,Nice,lnice9c@technorati.com
eaugust9d,Eloise,August,eaugust9d@godaddy.com
syurkevich9e,Salli,Yurkevich,syurkevich9e@chron.com
klappin9f,Kristine,Lappin,klappin9f@microsoft.com
stattam9g,Sarge,Tattam,stattam9g@lulu.com
aneagle9h,Avrom,Neagle,aneagle9h@fastcompany.com
cmccomish9i,Cassandra,McComish,cmccomish9i@umich.edu
bluebbert9j,Bonni,Luebbert,bluebbert9j@google.fr
bwykes9k,Barbara-anne,Wykes,bwykes9k@eventbrite.com
mrosbotham9l,Mayer,Rosbotham,mrosbotham9l@cpanel.net
odudman9m,Olva,Dudman,odudman9m@shareasale.com
ssimyson9n,Sharia,Simyson,ssimyson9n@slashdot.org
rdelgardo9o,Raffarty,Delgardo,rdelgardo9o@nbcnews.com
bmaryman9p,Benyamin,Maryman,bmaryman9p@icq.com
featon9q,Franny,Eaton,featon9q@pcworld.com
wgozzett9r,Warden,Gozzett,wgozzett9r@boston.com
aspon9s,Andres,Spon,aspon9s@earthlink.net
sgear9t,Siward,Gear,sgear9t@amazon.co.uk
gmoorey9u,Gibb,Moorey,gmoorey9u@alibaba.com
smcvity9v,Sigismund,McVity,smcvity9v@fema.gov
bsidle9w,Beck,Sidle,bsidle9w@wordpress.com
jmcmaster9x,Janek,McMaster,jmcmaster9x@dailymail.co.uk
jmadsen9y,Jeniece,Madsen,jmadsen9y@taobao.com
ppergens9z,Pip,Pergens,ppergens9z@harvard.edu
cmoricana0,Christi,Morican,cmoricana0@timesonline.co.uk
kcolwella1,Krissie,Colwell,kcolwella1@xrea.com
wtolworthya2,Willi,Tolworthy,wtolworthya2@netscape.com
rcarniliana3,Rahel,Carnilian,rcarniliana3@mapy.cz
bandersena4,Bevan,Andersen,bandersena4@odnoklassniki.ru
dparrya5,Delly,Parry,dparrya5@flickr.com
vidaa6,Viviyan,Ida,vidaa6@squidoo.com
nmcclementsa7,Noel,McClements,nmcclementsa7@mit.edu
ncicchitelloa8,Nadine,Cicchitello,ncicchitelloa8@ucoz.com
ohalifaxa9,Odella,Halifax,ohalifaxa9@sourceforge.net
lstermanaa,Lark,Sterman,lstermanaa@nifty.com
gmuntab,Gill,Munt,gmuntab@scribd.com
alutzmannac,Adrien,Lutzmann,alutzmannac@usatoday.com
sguyanad,Seward,Guyan,sguyanad@delicious.com
xamberae,Xylina,Amber,xamberae@goo.gl
ldudmeshaf,Leupold,Dudmesh,ldudmeshaf@networkadvertising.org
lgutag,Levon,Gut,lgutag@rakuten.co.jp
loganianah,Larissa,Oganian,loganianah@bbb.org
maskewai,Myranda,Askew,maskewai@chicagotribune.com
edronaj,Emmott,Dron,edronaj@amazon.co.uk
pderingak,Philip,Dering,pderingak@is.gd
cstickensal,Clint,Stickens,cstickensal@patch.com
mbenedettiam,Maggi,Benedetti,mbenedettiam@acquirethisname.com
jerangeyan,Johnnie,Erangey,jerangeyan@si.edu
rblonfieldao,Robyn,Blonfield,rblonfieldao@123-reg.co.uk
aberthodap,Alexandr,Berthod,aberthodap@cargocollective.com
sburndredaq,Shelden,Burndred,sburndredaq@friendfeed.com
kyukhovar,Korella,Yukhov,kyukhovar@squidoo.com
hdebankeas,Hugues,De Banke,hdebankeas@weebly.com
pcoudrayat,Patience,Coudray,pcoudrayat@woothemes.com
sclementsau,Sibylla,Clements,sclementsau@engadget.com
dralestoneav,Daven,Ralestone,dralestoneav@ucoz.ru
amougeotaw,Annalise,Mougeot,amougeotaw@symantec.com
ihannerax,Irv,Hanner,ihannerax@wunderground.com
jsmithay,Josi,Smith,jsmithay@soundcloud.com
sdecarteretaz,Skippy,De Carteret,sdecarteretaz@themeforest.net
gdewb0,Guillaume,Dew,gdewb0@psu.edu
rcollmanb1,Raychel,Collman,rcollmanb1@squarespace.com
hbiasettib2,Halette,Biasetti,hbiasettib2@sakura.ne.jp
epepisb3,Eugine,Pepis,epepisb3@about.me
fcearleyb4,Florella,Cearley,fcearleyb4@flavors.me
ghurndallb5,Gorden,Hurndall,ghurndallb5@cargocollective.com
ainkinb6,Alicea,Inkin,ainkinb6@theguardian.com
dcurreyb7,Daveta,Currey,dcurreyb7@cloudflare.com
yeverissb8,Yasmin,Everiss,yeverissb8@wired.com
csamarthb9,Conni,Samarth,csamarthb9@spiegel.de
kstartonba,Kaleb,Starton,kstartonba@google.nl
sohrtmannbb,Sidonnie,Ohrtmann,sohrtmannbb@comsenz.com
odeakesbc,Odie,Deakes,odeakesbc@moonfruit.com
dlowingsbd,Dinah,Lowings,dlowingsbd@bigcartel.com
mpalombabe,Michel,Palomba,mpalombabe@bing.com
aknappittbf,Aileen,Knappitt,aknappittbf@lycos.com
bverrillbg,Birk,Verrill,bverrillbg@163.com
eborgbartolobh,Eugenio,Borg-Bartolo,eborgbartolobh@shop-pro.jp
emorgonbi,Evvie,Morgon,emorgonbi@ezinearticles.com
lmccallbj,Leoine,McCall,lmccallbj@buzzfeed.com
vsowraybk,Veda,Sowray,vsowraybk@mashable.com
ftroreybl,Falkner,Trorey,ftroreybl@delicious.com
pronischbm,Pegeen,Ronisch,pronischbm@dell.com
ltozerbn,Lyndsay,Tozer,ltozerbn@jiathis.com
cscholzbo,Chrotoem,Scholz,cscholzbo@guardian.co.uk
kwateridgebp,Kathye,Wateridge,kwateridgebp@4shared.com
fgrinnikovbq,Florrie,Grinnikov,fgrinnikovbq@homestead.com
nbeakebr,Nert,Beake,nbeakebr@uol.com.br
lchalcraftbs,Lisetta,Chalcraft,lchalcraftbs@utexas.edu
kmacfallbt,Kerry,MacFall,kmacfallbt@admin.ch
acopcuttbu,Alta,Copcutt,acopcuttbu@apple.com
lpinorbv,La verne,Pinor,lpinorbv@bbb.org
kmcneachtainbw,Kirby,McNeachtain,kmcneachtainbw@cam.ac.uk
gvickorsbx,Gerard,Vickors,gvickorsbx@timesonline.co.uk
jhebbardby,Jimmie,Hebbard,jhebbardby@usgs.gov
imaccaffreybz,Idaline,MacCaffrey,imaccaffreybz@nationalgeographic.com
hquoitc0,Hersch,Quoit,hquoitc0@google.de
pweildc1,Phineas,Weild,pweildc1@flavors.me
jplemingc2,Jarret,Pleming,jplemingc2@t-online.de
kallansonc3,Kerwinn,Allanson,kallansonc3@europa.eu
jbosmanc4,Jarid,Bosman,jbosmanc4@bigcartel.com
promagnosic5,Penrod,Romagnosi,promagnosic5@boston.com
haldwichc6,Harley,Aldwich,haldwichc6@behance.net
mshmyrc7,Marchall,Shmyr,mshmyrc7@wp.com
dcurlessc8,Dorrie,Curless,dcurlessc8@php.net
linnwoodc9,Linnet,Innwood,linnwoodc9@google.it
pscamwellca,Park,Scamwell,pscamwellca@imdb.com
nfossickcb,Noellyn,Fossick,nfossickcb@adobe.com
lbiermancc,Linc,Bierman,lbiermancc@symantec.com
bstquintincd,Bree,St. Quintin,bstquintincd@msn.com
bmelance,Bear,Melan,bmelance@sbwire.com
sbentsoncf,Stu,Bentson,sbentsoncf@i2i.jp
dsextycg,Dav,Sexty,dsextycg@biglobe.ne.jp
hsnashallch,Harcourt,Snashall,hsnashallch@gmpg.org
ptomaszewskici,Piggy,Tomaszewski,ptomaszewskici@si.edu
cphilcj,Carleton,Phil,cphilcj@shareasale.com
pbrassillck,Pancho,Brassill,pbrassillck@barnesandnoble.com
llegueycl,Linette,Leguey,llegueycl@macromedia.com
mloftincm,Marilin,Loftin,mloftincm@ifeng.com
tlidyardcn,Tressa,Lidyard,tlidyardcn@soup.io
cniasco,Cornie,Nias,cniasco@tumblr.com
jdorringtoncp,Jock,Dorrington,jdorringtoncp@mayoclinic.com
mbeefoncq,Mano,Beefon,mbeefoncq@bloglovin.com
froderighicr,Fernanda,Roderighi,froderighicr@wired.com
bjeffescs,Buddie,Jeffes,bjeffescs@bloglovin.com
ccubinct,Cly,Cubin,ccubinct@exblog.jp
eoquirkcu,Eddie,O' Quirk,eoquirkcu@clickbank.net
shawkwoodcv,Starr,Hawkwood,shawkwoodcv@techcrunch.com
bsabbancw,Boone,Sabban,bsabbancw@weebly.com
rdestouchecx,Rock,Destouche,rdestouchecx@youtube.com
lmcginncy,Lonnard,McGinn,lmcginncy@csmonitor.com
tpearchcz,Terrie,Pearch,tpearchcz@alibaba.com
mhefferond0,Myrna,Hefferon,mhefferond0@ucsd.edu
anathond1,Ava,Nathon,anathond1@diigo.com
bglisenand2,Bobine,Glisenan,bglisenand2@msn.com
bmussottid3,Bobbi,Mussotti,bmussottid3@patch.com
jbeniond4,Jackqueline,Benion,jbeniond4@behance.net
rkilmasterd5,Rennie,Kilmaster,rkilmasterd5@webnode.com
ssimsond6,Slade,Simson,ssimsond6@acquirethisname.com
frebanksd7,Fidelity,Rebanks,frebanksd7@digg.com
afittisd8,Albert,Fittis,afittisd8@github.com
hbehnked9,Hyacinthe,Behnke,hbehnked9@blinklist.com
dnouchda,Dene,Nouch,dnouchda@google.com.au
bsavilledb,Batsheva,Saville,bsavilledb@foxnews.com
kkunathdc,Kylila,Kunath,kkunathdc@bloglovin.com
jandressdd,Jillian,Andress,jandressdd@barnesandnoble.com
koffellde,Kale,Offell,koffellde@hc360.com
ckohtlerdf,Cletis,Kohtler,ckohtlerdf@liveinternet.ru
oclissolddg,Orelee,Clissold,oclissolddg@mit.edu
rsharplindh,Rhett,Sharplin,rsharplindh@ftc.gov
kzinidi,Kendrick,Zini,kzinidi@cpanel.net
gelwooddj,Goldy,Elwood,gelwooddj@cnn.com
ckeersdk,Chandra,Keers,ckeersdk@seattletimes.com
clinnitdl,Conway,Linnit,clinnitdl@vk.com
rtunmoredm,Rochella,Tunmore,rtunmoredm@goo.ne.jp
achoudhurydn,Aymer,Choudhury,achoudhurydn@chron.com
jskoughmando,Jasen,Skoughman,jskoughmando@ning.com
rlarrawaydp,Rianon,Larraway,rlarrawaydp@live.com
ffeatherdq,Florinda,Feather,ffeatherdq@nba.com
swakenshawdr,Skyler,Wakenshaw,swakenshawdr@csmonitor.com
vwickds,Veronike,Wick,vwickds@alexa.com
jfilkovdt,Joanie,Filkov,jfilkovdt@howstuffworks.com
nmaidlowdu,Nancy,Maidlow,nmaidlowdu@cisco.com
nwintersondv,Nicolai,Winterson,nwintersondv@freewebs.com
rcicchitellodw,Rickie,Cicchitello,rcicchitellodw@alexa.com
trowlanddx,Tate,Rowland,trowlanddx@joomla.org
kdudeneydy,Kalinda,Dudeney,kdudeneydy@nasa.gov
agaggdz,Alfred,Gagg,agaggdz@stanford.edu
ckezore0,Catharine,Kezor,ckezore0@360.cn
dchattene1,Delly,Chatten,dchattene1@addtoany.com
lwincklese2,Lurlene,Winckles,lwincklese2@1688.com
mmariaulte3,Mortie,Mariault,mmariaulte3@cisco.com
vbarnewillee4,Vittorio,Barnewille,vbarnewillee4@studiopress.com
gcrosfelde5,Gilbert,Crosfeld,gcrosfelde5@sphinn.com
cdumbrille6,Catarina,Dumbrill,cdumbrille6@nifty.com
edrifee7,Elia,Drife,edrifee7@tuttocitta.it
cperrine8,Cherish,Perrin,cperrine8@vinaora.com
cjanake9,Conny,Janak,cjanake9@google.pl
rroveea,Roldan,Rove,rroveea@dell.com
sklostereb,Stearne,Kloster,sklostereb@mashable.com
rrostonec,Roz,Roston,rrostonec@guardian.co.uk
gpaceyed,Gaby,Pacey,gpaceyed@acquirethisname.com
rrowettee,Rich,Rowett,rrowettee@cnet.com
bgounetef,Brennen,Gounet,bgounetef@t.co
atrasslereg,Angelique,Trassler,atrasslereg@bandcamp.com
aleleueh,Annie,Le Leu,aleleueh@macromedia.com
ltwentymanei,Lewiss,Twentyman,ltwentymanei@statcounter.com
kacottej,Kissie,Acott,kacottej@zimbio.com
kbutertonek,Kare,Buterton,kbutertonek@nifty.com
dnannel,Dredi,Nann,dnannel@typepad.com
pcalabryem,Paddie,Calabry,pcalabryem@google.es
sfilisoven,Shaughn,Filisov,sfilisoven@deviantart.com
lvallackeo,Lodovico,Vallack,lvallackeo@drupal.org
nlewardep,Nealon,Leward,nlewardep@vk.com
kdobbingseq,Karlis,Dobbings,kdobbingseq@hexun.com
mcampanyer,Monroe,Campany,mcampanyer@trellian.com
epebworthes,Evangelia,Pebworth,epebworthes@ifeng.com
hspeerset,Hyacinthe,Speers,hspeerset@wikia.com
asurfleeteu,Aubrey,Surfleet,asurfleeteu@wisc.edu
ahutchingsev,Art,Hutchings,ahutchingsev@discuz.net
gdooherew,Gerhard,Dooher,gdooherew@skyrock.com
nmackleyex,Nevil,Mackley,nmackleyex@tumblr.com
lbramalley,Ludovico,Bramall,lbramalley@1und1.de
dperreeez,Dael,Perree,dperreeez@constantcontact.com
dlyddiattf0,Donnell,Lyddiatt,dlyddiattf0@apple.com
trennebeckf1,Theo,Rennebeck,trennebeckf1@answers.com
elandreanf2,Elisabetta,Landrean,elandreanf2@histats.com
mmuckf3,Mattie,Muck,mmuckf3@odnoklassniki.ru
cgirdlestonef4,Clive,Girdlestone,cgirdlestonef4@bigcartel.com
hbalharrief5,Henryetta,Balharrie,hbalharrief5@nymag.com
pfarnesf6,Pauline,Farnes,pfarnesf6@netscape.com
kcescottif7,Katharyn,Cescotti,kcescottif7@flickr.com
apridmoref8,Ania,Pridmore,apridmoref8@multiply.com
kjaillerf9,Kasper,Jailler,kjaillerf9@jigsy.com
eglyssannefa,Erika,Glyssanne,eglyssannefa@gov.uk
ctapendenfb,Carlynne,Tapenden,ctapendenfb@taobao.com
iswinerdfc,Inglis,Swinerd,iswinerdfc@gov.uk
achannonfd,Augy,Channon,achannonfd@weebly.com
faristidefe,Ferdinande,Aristide,faristidefe@domainmarket.com
dswettenhamff,Dougie,Swettenham,dswettenhamff@apache.org
jhambyfg,Jenifer,Hamby,jhambyfg@behance.net
dchantfh,Demetria,Chant,dchantfh@fc2.com
ucrommettfi,Ulla,Crommett,ucrommettfi@fastcompany.com
rimpettfj,Regan,Impett,rimpettfj@digg.com
jwinscombfk,Jillayne,Winscomb,jwinscombfk@princeton.edu
tyettonfl,Tynan,Yetton,tyettonfl@si.edu
skornilyevfm,Sylvan,Kornilyev,skornilyevfm@zimbio.com
rlyndfn,Riordan,Lynd,rlyndfn@who.int
eetherseyfo,Emmalynne,Ethersey,eetherseyfo@ted.com
ipellewfp,Isidro,Pellew,ipellewfp@indiegogo.com
fraysonfq,Frans,Rayson,fraysonfq@forbes.com
lbeevorsfr,Linnet,Beevors,lbeevorsfr@webmd.com
pratledgefs,Pietro,Ratledge,pratledgefs@dyndns.org
jcalvardft,Janela,Calvard,jcalvardft@ovh.net
kjessopfu,Kip,Jessop,kjessopfu@businessinsider.com
ubouzanfv,Ursala,Bouzan,ubouzanfv@example.com
cmaccambridgefw,Cyrus,MacCambridge,cmaccambridgefw@cnet.com
mkeyhoefx,Mikkel,Keyhoe,mkeyhoefx@soup.io
amarconify,Ashli,Marconi,amarconify@umn.edu
btwiddlefz,Boycie,Twiddle,btwiddlefz@google.de
ldymottg0,Lonna,Dymott,ldymottg0@amazon.de
mcrighteng1,Muriel,Crighten,mcrighteng1@archive.org
mflecknellg2,Marcie,Flecknell,mflecknellg2@merriam-webster.com
ccareswellg3,Coleman,Careswell,ccareswellg3@google.com
tlangabeerg4,Tabby,Langabeer,tlangabeerg4@sohu.com
gbackg5,Georges,Back,gbackg5@shutterfly.com
lgannicottg6,Lonnard,Gannicott,lgannicottg6@mashable.com
pmckeang7,Paquito,McKean,pmckeang7@nature.com
laizikg8,Leah,Aizik,laizikg8@google.com
mfereg9,Morena,Fere,mfereg9@aol.com
ltrehernega,Letty,Treherne,ltrehernega@simplemachines.org
isquiregb,Ira,Squire,isquiregb@amazonaws.com
wrowlingc,Wallace,Rowlin,wrowlingc@cnn.com
fhadcockgd,Francklyn,Hadcock,fhadcockgd@microsoft.com
dkarolowskige,Desdemona,Karolowski,dkarolowskige@adobe.com
hriachgf,Howard,Riach,hriachgf@seesaa.net
mnewberrygg,Mathian,Newberry,mnewberrygg@histats.com
sheddangh,Simeon,Heddan,sheddangh@yale.edu
ybielfeldgi,Ynes,Bielfeld,ybielfeldgi@dot.gov
fdemschkegj,Fredrick,Demschke,fdemschkegj@meetup.com
lrapigk,Lorrie,Rapi,lrapigk@marriott.com
hpetrovskygl,Haily,Petrovsky,hpetrovskygl@yahoo.com
kholtongm,Kathryne,Holton,kholtongm@nbcnews.com
akalischgn,Aguste,Kalisch,akalischgn@weebly.com
dezelego,Dukie,Ezele,dezelego@uol.com.br
isarchgp,Ivor,Sarch,isarchgp@dedecms.com
ablagdengq,Aron,Blagden,ablagdengq@joomla.org
bcarhartgr,Becca,Carhart,bcarhartgr@columbia.edu
cmacgillgs,Chloe,MacGill,cmacgillgs@storify.com
ssruttongt,Shayne,Srutton,ssruttongt@mashable.com
iknaggsgu,Iain,Knaggs,iknaggsgu@sun.com
ggallopgv,Galina,Gallop,ggallopgv@aol.com
whinstridgegw,Worden,Hinstridge,whinstridgegw@360.cn
dwilegx,Deb,Wile,dwilegx@upenn.edu
skenealygy,Shena,Kenealy,skenealygy@telegraph.co.uk
bblessedgz,Belinda,Blessed,bblessedgz@ow.ly
ltennanth0,Launce,Tennant,ltennanth0@bandcamp.com
cbeachh1,Conn,Beach,cbeachh1@ehow.com
lstilleh2,Lloyd,Stille,lstilleh2@craigslist.org
asieurh3,Agretha,Sieur,asieurh3@cdbaby.com
dflipekh4,Dermot,Flipek,dflipekh4@goo.gl
mhartgillh5,Masha,Hartgill,mhartgillh5@wp.com
ikearneyh6,Ivar,Kearney,ikearneyh6@va.gov
jnewbandh7,Janelle,Newband,jnewbandh7@patch.com
dwrennh8,Dalila,Wrenn,dwrennh8@mozilla.org
dbiasettih9,Derek,Biasetti,dbiasettih9@de.vu
rdonnha,Rogerio,Donn,rdonnha@reuters.com
anewburyhb,Ara,Newbury,anewburyhb@independent.co.uk
rgadsdenhc,Ritchie,Gadsden,rgadsdenhc@blogger.com
csherringhamhd,Cristy,Sherringham,csherringhamhd@examiner.com
hhawkhe,Hersh,Hawk,hhawkhe@blogger.com
rmahoodhf,Raquela,Mahood,rmahoodhf@deviantart.com
vmacksteadhg,Vivian,Mackstead,vmacksteadhg@etsy.com
askipseahh,Alfie,Skipsea,askipseahh@squarespace.com
ekoppenshi,Emmaline,Koppens,ekoppenshi@example.com
mmapplebeckhj,Manya,Mapplebeck,mmapplebeckhj@elpais.com
cbythellhk,Cosmo,Bythell,cbythellhk@bluehost.com
ehofhl,Evelyn,Hof,ehofhl@craigslist.org
vridulfohm,Vlad,Ridulfo,vridulfohm@imdb.com
mgrizardhn,Merci,Grizard,mgrizardhn@1und1.de
fpuckringho,Fredelia,Puckring,fpuckringho@ocn.ne.jp
mgerretshp,Maris,Gerrets,mgerretshp@state.gov
bomonahanhq,Bobbie,O'Monahan,bomonahanhq@i2i.jp
amachenthr,Andres,Machent,amachenthr@people.com.cn
rhearonhs,Rufus,Hearon,rhearonhs@canalblog.com
fmelburght,Felic,Melburg,fmelburght@ow.ly
lratleyhu,Lane,Ratley,lratleyhu@soup.io
wdemschkehv,Wrennie,Demschke,wdemschkehv@ow.ly
sflinnhw,Sanders,Flinn,sflinnhw@google.es
choltonhx,Craig,Holton,choltonhx@ameblo.jp
aabramovicihy,Ainslie,Abramovici,aabramovicihy@wikipedia.org
vrichenhz,Veradis,Richen,vrichenhz@discuz.net
jclacksoni0,Jose,Clackson,jclacksoni0@timesonline.co.uk
jdoudi1,Jerrie,Doud,jdoudi1@theguardian.com
klucusi2,Kerby,Lucus,klucusi2@a8.net
lscarsbricki3,Lilas,Scarsbrick,lscarsbricki3@ycombinator.com
abobaschi4,Aleta,Bobasch,abobaschi4@ft.com
tabthorpei5,Tatiana,Abthorpe,tabthorpei5@biglobe.ne.jp
kferroi6,Kristen,Ferro,kferroi6@csmonitor.com
cwhelani7,Cody,Whelan,cwhelani7@t.co
fgealyi8,Freddie,Gealy,fgealyi8@imageshack.us
hkleini9,Hilary,Klein,hkleini9@dailymail.co.uk
ssheaia,Silvain,Shea,ssheaia@va.gov
ufrancieib,Ulises,Francie,ufrancieib@live.com
rfendlenic,Randy,Fendlen,rfendlenic@kickstarter.com
klenteid,Katti,Lente,klenteid@independent.co.uk
kshepardie,Kanya,Shepard,kshepardie@mtv.com
mreihmif,Melisa,Reihm,mreihmif@vkontakte.ru
vhaslochig,Valentino,Hasloch,vhaslochig@flickr.com
fweedallih,Fawne,Weedall,fweedallih@salon.com
tfebryii,Therese,Febry,tfebryii@flavors.me
cglassonij,Collete,Glasson,cglassonij@imdb.com
kjefferyik,Keeley,Jeffery,kjefferyik@weebly.com
ltewil,Lauren,Tew,ltewil@nps.gov
ljewellim,Lezley,Jewell,ljewellim@newyorker.com
sbarnfatherin,Sibley,Barnfather,sbarnfatherin@google.com
cyegorkovio,Chester,Yegorkov,cyegorkovio@uol.com.br
shurdip,Sarita,Hurd,shurdip@jigsy.com
cismailiq,Christian,Ismail,cismailiq@weather.com
gcrucettiir,Gerhardt,Crucetti,gcrucettiir@tamu.edu
dfarraris,Dugald,Farrar,dfarraris@elegantthemes.com
ascraceit,Adan,Scrace,ascraceit@reuters.com
apettipheriu,Arluene,Pettipher,apettipheriu@ycombinator.com
isemmenceiv,Isidor,Semmence,isemmenceiv@geocities.com
gyeardsleyiw,Ginevra,Yeardsley,gyeardsleyiw@google.co.jp
mblandix,Madlin,Bland,mblandix@narod.ru
auttermareiy,Anjela,Uttermare,auttermareiy@mozilla.com
uludmanniz,Uta,Ludmann,uludmanniz@feedburner.com
ltrematickj0,Lavena,Trematick,ltrematickj0@msu.edu
wneachellj1,Winona,Neachell,wneachellj1@chron.com
plamzedj2,Patrick,Lamzed,plamzedj2@google.ca
dweeklandj3,Dede,Weekland,dweeklandj3@vinaora.com
gmountneyj4,Gare,Mountney,gmountneyj4@tuttocitta.it
ipauleyj5,Iago,Pauley,ipauleyj5@buzzfeed.com
mcastellinoj6,Malanie,Castellino,mcastellinoj6@tuttocitta.it
ljosefssonj7,Loria,Josefsson,ljosefssonj7@reference.com
ghalgarthj8,Gwennie,Halgarth,ghalgarthj8@ucoz.com
dkamienj9,Dominick,Kamien,dkamienj9@merriam-webster.com
cpicottja,Chip,Picott,cpicottja@aol.com
tfritchleyjb,Terrie,Fritchley,tfritchleyjb@who.int
lmacscheriejc,Lanae,MacScherie,lmacscheriejc@salon.com
jhornungjd,Jaquenette,Hornung,jhornungjd@is.gd
jmenereje,Jacquetta,Menere,jmenereje@huffingtonpost.com
tteaguejf,Thibaut,Teague,tteaguejf@mapquest.com
cbecerrajg,Christabel,Becerra,cbecerrajg@over-blog.com
pwoolwardjh,Peirce,Woolward,pwoolwardjh@w3.org
rkelshawji,Roseann,Kelshaw,rkelshawji@sakura.ne.jp
zheadjj,Zuzana,Head,zheadjj@dagondesign.com
htomasinijk,Harlan,Tomasini,htomasinijk@wikipedia.org
fokenfoldjl,Fanechka,Okenfold,fokenfoldjl@de.vu
bshoppeejm,Bentley,Shoppee,bshoppeejm@dmoz.org
ilovejoyjn,Isadore,Lovejoy,ilovejoyjn@cdc.gov
jvealljo,Jacinta,Veall,jvealljo@hugedomains.com
bselewayjp,Barret,Seleway,bselewayjp@youtube.com
smottleyjq,Sydelle,Mottley,smottleyjq@un.org
cbroomejr,Calypso,Broome,cbroomejr@statcounter.com
vsmithinjs,Verena,Smithin,vsmithinjs@yellowpages.com
jskunejt,Joaquin,Skune,jskunejt@webs.com
botterwellju,Baxie,Otterwell,botterwellju@nps.gov
cfifootjv,Corina,Fifoot,cfifootjv@gravatar.com
kshipwayjw,Kit,Shipway,kshipwayjw@bloomberg.com
cbeswelljx,Chucho,Beswell,cbeswelljx@uol.com.br
smiskinjy,Starla,Miskin,smiskinjy@parallels.com
erevensjz,Elvera,Revens,erevensjz@ocn.ne.jp
srutlandk0,Sonny,Rutland,srutlandk0@google.es
hfeechank1,Hailee,Feechan,hfeechank1@discovery.com
naugustink2,Nadeen,Augustin,naugustink2@nifty.com
aatherk3,Ailyn,Ather,aatherk3@dailymotion.com
mloftiek4,Monro,Loftie,mloftiek4@fema.gov
mpidgeleyk5,Mignon,Pidgeley,mpidgeleyk5@ihg.com
gmarchingtonk6,Gerty,Marchington,gmarchingtonk6@exblog.jp
mrosenfeldk7,Merridie,Rosenfeld,mrosenfeldk7@shutterfly.com
igiacomellik8,Ira,Giacomelli,igiacomellik8@lulu.com
rpizeyk9,Rayshell,Pizey,rpizeyk9@tumblr.com
abowheyka,Aubrette,Bowhey,abowheyka@wisc.edu
kwestwoodkb,Konstance,Westwood,kwestwoodkb@loc.gov
jgodbykc,Janetta,Godby,jgodbykc@state.gov
lwallicekd,Latrena,Wallice,lwallicekd@google.ca
phardawayke,Putnem,Hardaway,phardawayke@illinois.edu
dharkerkf,Dniren,Harker,dharkerkf@who.int
bsandersonkg,Brand,Sanderson,bsandersonkg@bloglines.com
mmcilhargakh,Marcello,McIlharga,mmcilhargakh@mail.ru
fdivinaki,Fifi,Divina,fdivinaki@prlog.org
mrudhamkj,Melinda,Rudham,mrudhamkj@ft.com
llintillkk,Lianne,Lintill,llintillkk@geocities.jp
echownkl,Estrellita,Chown,echownkl@wired.com
vabramskykm,Violante,Abramsky,vabramskykm@freewebs.com
ltimmenskn,Lynda,Timmens,ltimmenskn@smugmug.com
glafflinako,Gabey,Lafflina,glafflinako@cargocollective.com
rgarrickkp,Rosmunda,Garrick,rgarrickkp@usatoday.com
jblacklerkq,Javier,Blackler,jblacklerkq@hp.com
pphytheankr,Pansie,Phythean,pphytheankr@hugedomains.com
mhutableks,Mace,Hutable,mhutableks@ow.ly
ktellenbrokkt,Karoly,Tellenbrok,ktellenbrokkt@patch.com
afirsbyku,Armin,Firsby,afirsbyku@devhub.com
achouleskv,Alex,Choules,achouleskv@histats.com
bscraggskw,Barbara-anne,Scraggs,bscraggskw@macromedia.com
jmurdenkx,Jasun,Murden,jmurdenkx@wisc.edu
acleavelandky,Amalita,Cleaveland,acleavelandky@thetimes.co.uk
blicarikz,Blaine,Licari,blicarikz@baidu.com
ktoothilll0,Kacie,Toothill,ktoothilll0@webeden.co.uk
mdorsayl1,Mose,D'orsay,mdorsayl1@miitbeian.gov.cn
afriedankl2,Aeriela,Friedank,afriedankl2@netlog.com
bcrossgrovel3,Brand,Crossgrove,bcrossgrovel3@about.me
hgusneyl4,Hubie,Gusney,hgusneyl4@newyorker.com
zandreal5,Zachariah,Andrea,zandreal5@vimeo.com
gcaddockl6,Glenn,Caddock,gcaddockl6@aboutads.info
hbyerl7,Hadley,Byer,hbyerl7@cornell.edu
acannanl8,Arin,Cannan,acannanl8@marketwatch.com
abestwalll9,Angelika,Bestwall,abestwalll9@smh.com.au
dfazakerleyla,Debi,Fazakerley,dfazakerleyla@unicef.org
drickardslb,Deena,Rickards,drickardslb@example.com
lbuffylc,Lynett,Buffy,lbuffylc@odnoklassniki.ru
bdilrewld,Brade,Dilrew,bdilrewld@buzzfeed.com
skelingle,Sandye,Keling,skelingle@cnbc.com
sperllmanlf,Star,Perllman,sperllmanlf@msn.com
dlicarilg,Daniel,Licari,dlicarilg@virginia.edu
nvasyutinlh,Nealson,Vasyutin,nvasyutinlh@craigslist.org
lfrogleyli,Loydie,Frogley,lfrogleyli@dion.ne.jp
lmattlj,Luce,Matt,lmattlj@marketwatch.com
acaronlk,Aksel,Caron,acaronlk@networksolutions.com
bmaccroaryll,Barbara,MacCroary,bmaccroaryll@unblog.fr
mkiltielm,Mathian,Kiltie,mkiltielm@nba.com
jgonsalvezln,Janina,Gonsalvez,jgonsalvezln@lycos.com
esigsworthlo,Evita,Sigsworth,esigsworthlo@java.com
emckeanlp,Evey,McKean,emckeanlp@vistaprint.com
ewhicherlq,Emanuel,Whicher,ewhicherlq@nyu.edu
jgilmartinlr,Jean,Gilmartin,jgilmartinlr@ask.com
xsolmanls,Xavier,Solman,xsolmanls@uol.com.br
pmacfarlanelt,Parsifal,MacFarlane,pmacfarlanelt@sogou.com
swasslu,Susie,Wass,swasslu@wiley.com
mlessmarelv,Millard,Lessmare,mlessmarelv@thetimes.co.uk
rwraggelw,Riordan,Wragge,rwraggelw@ameblo.jp
oapplelx,Othelia,Apple,oapplelx@hao123.com
crendbaekly,Cassondra,Rendbaek,crendbaekly@answers.com
akunkellz,Avery,Kunkel,akunkellz@com.com
khavelinem0,Kaspar,Haveline,khavelinem0@abc.net.au
mimorem1,Marylynne,Imore,mimorem1@phpbb.com
gfarresm2,Gianni,Farres,gfarresm2@bbc.co.uk
mwerritm3,Margareta,Werrit,mwerritm3@youtube.com
ecozzim4,Eddi,Cozzi,ecozzim4@geocities.com
kdenorem5,Karlie,de Nore,kdenorem5@amazonaws.com
swarmanm6,Shanie,Warman,swarmanm6@flickr.com
hswindlem7,Hollis,Swindle,hswindlem7@sourceforge.net
lrefordm8,Lindy,Reford,lrefordm8@oracle.com
ngoldsackm9,Nanon,Goldsack,ngoldsackm9@hibu.com
csankeyma,Cookie,Sankey,csankeyma@scribd.com
apittammb,Alanson,Pittam,apittammb@cloudflare.com
kbyartmc,Konrad,Byart,kbyartmc@lycos.com
rspavonmd,Richmond,Spavon,rspavonmd@free.fr
dviolletme,Dominic,Viollet,dviolletme@spiegel.de
cstubsmf,Corri,Stubs,cstubsmf@behance.net
clhommeemg,Crichton,L'Hommee,clhommeemg@parallels.com
jallonemh,Joella,Allone,jallonemh@ihg.com
whandovermi,Waverley,Handover,whandovermi@hexun.com
jforshawmj,Jarrod,Forshaw,jforshawmj@wikia.com
bmirrallsmk,Barbe,Mirralls,bmirrallsmk@ca.gov
mallottml,Maressa,Allott,mallottml@mac.com
lairsmm,Lonnard,Airs,lairsmm@google.pl
streagusmn,Sela,Treagus,streagusmn@soup.io
fsirrmo,Florenza,Sirr,fsirrmo@live.com
vwhittockmp,Vera,Whittock,vwhittockmp@marriott.com
acarlozzimq,Annabella,Carlozzi,acarlozzimq@upenn.edu
dwolteringmr,Durant,Woltering,dwolteringmr@ow.ly
zaleswellms,Zarla,Aleswell,zaleswellms@spotify.com
msireymt,Marybelle,Sirey,msireymt@mediafire.com
dbrewittmu,Dina,Brewitt,dbrewittmu@macromedia.com
dpriddenmv,Dorian,Pridden,dpriddenmv@dion.ne.jp
mcockleymw,Mickie,Cockley,mcockleymw@tinypic.com
mmaccrachenmx,Moina,MacCrachen,mmaccrachenmx@nytimes.com
cterringtonmy,Cesar,Terrington,cterringtonmy@sourceforge.net
tskeinmz,Taryn,Skein,tskeinmz@netvibes.com
igelletlyn0,Ilaire,Gelletly,igelletlyn0@biblegateway.com
schalonern1,Stacee,Chaloner,schalonern1@moonfruit.com
gitzkovskyn2,Gussie,Itzkovsky,gitzkovskyn2@dyndns.org
jreisenn3,Johnathan,Reisen,jreisenn3@mapy.cz
ktatnelln4,Krysta,Tatnell,ktatnelln4@vkontakte.ru
hwinchcombn5,Howey,Winchcomb,hwinchcombn5@comcast.net
ccaserin6,Cecilla,Caseri,ccaserin6@flavors.me
pizaacn7,Paule,Izaac,pizaacn7@cocolog-nifty.com
ajacquesn8,Aryn,Jacques,ajacquesn8@stumbleupon.com
mhawkwoodn9,Mia,Hawkwood,mhawkwoodn9@forbes.com
rcapounna,Rutger,Capoun,rcapounna@buzzfeed.com
marchiboldnb,Moria,Archibold,marchiboldnb@ihg.com
bdoerrennc,Belia,Doerren,bdoerrennc@engadget.com
abebbellnd,Al,Bebbell,abebbellnd@netscape.com
oocleryne,Olimpia,O'Clery,oocleryne@miibeian.gov.cn
abenzanf,Amalea,Benza,abenzanf@go.com
bmattockng,Bald,Mattock,bmattockng@reference.com
kemmittnh,Kelsey,Emmitt,kemmittnh@google.it
ibebbingtonni,Isabelita,Bebbington,ibebbingtonni@fc2.com
mcousansnj,Melba,Cousans,mcousansnj@hao123.com
kmawsonnk,Koo,Mawson,kmawsonnk@ask.com
iogbornenl,Isobel,Ogborne,iogbornenl@cyberchimps.com
njestnm,Nicolai,Jest,njestnm@tinyurl.com
wvannuccininn,Wenonah,Vannuccini,wvannuccininn@weebly.com
gsiggeeno,Gayle,Siggee,gsiggeeno@google.pl
rgrigorenp,Ranique,Grigore,rgrigorenp@sphinn.com
dceliznq,Debbi,Celiz,dceliznq@t-online.de
jjigglenr,Jaime,Jiggle,jjigglenr@independent.co.uk
gfullerdns,Gwendolen,Fullerd,gfullerdns@washington.edu
dpayleynt,Dawn,Payley,dpayleynt@themeforest.net
dissacoffnu,Deane,Issacoff,dissacoffnu@geocities.com
rdalgarnochtnv,Redd,Dalgarnocht,rdalgarnochtnv@surveymonkey.com
pevisonnw,Pattie,Evison,pevisonnw@microsoft.com
jcasterounx,Jaclyn,Casterou,jcasterounx@princeton.edu
apetrelluzziny,Allsun,Petrelluzzi,apetrelluzziny@cornell.edu
dbourbonnz,Davine,Bourbon,dbourbonnz@state.tx.us
smcgaugieo0,Sigvard,McGaugie,smcgaugieo0@noaa.gov
elenzo1,Esme,Lenz,elenzo1@wired.com
xmurdieo2,Xaviera,Murdie,xmurdieo2@cornell.edu
ktivenano3,Kai,Tivenan,ktivenano3@oaic.gov.au
ayitzhakofo4,Ariela,Yitzhakof,ayitzhakofo4@smugmug.com
mdemcheno5,Malia,Demchen,mdemcheno5@hubpages.com
rcrano6,Rodolph,Cran,rcrano6@issuu.com
ccarleo7,Ciel,Carle,ccarleo7@cnn.com
wdysarto8,Wallace,Dysart,wdysarto8@reference.com
etollidayo9,Enid,Tolliday,etollidayo9@google.com.hk
cdeadmanoa,Cassandry,Deadman,cdeadmanoa@liveinternet.ru
lmingassonob,Liliane,Mingasson,lmingassonob@cdc.gov
ctottmanoc,Chastity,Tottman,ctottmanoc@earthlink.net
gsokellod,Gwenneth,Sokell,gsokellod@ftc.gov
stewkesburyoe,Silvester,Tewkesbury.,stewkesburyoe@issuu.com
ssindellof,Stephan,Sindell,ssindellof@fastcompany.com
gdautryog,Gwen,Dautry,gdautryog@addthis.com
rcoganoh,Richy,Cogan,rcoganoh@ucla.edu
cknightoi,Cherida,Knight,cknightoi@simplemachines.org
zrobillartoj,Zonnya,Robillart,zrobillartoj@wordpress.org
smaytomok,Sara,Maytom,smaytomok@timesonline.co.uk
lpetschelol,Lyssa,Petschel,lpetschelol@trellian.com
ploncasterom,Pincus,Loncaster,ploncasterom@merriam-webster.com
ftidmarshon,Farlay,Tidmarsh,ftidmarshon@springer.com
rcockarilloo,Reade,Cockarill,rcockarilloo@so-net.ne.jp
rcoffeeop,Raviv,Coffee,rcoffeeop@cornell.edu
dgillcristoq,Debera,Gillcrist,dgillcristoq@huffingtonpost.com
hnourseor,Hollyanne,Nourse,hnourseor@apple.com
jmosedillos,Janella,Mosedill,jmosedillos@last.fm
bvizorot,Betty,Vizor,bvizorot@wordpress.com
fgrayleyou,Fidela,Grayley,fgrayleyou@list-manage.com
rbroomhallov,Rik,Broomhall,rbroomhallov@alibaba.com
cwidmoreow,Cal,Widmore,cwidmoreow@360.cn
spomfretox,Steve,Pomfret,spomfretox@weebly.com
aoflahertyoy,Abner,O' Flaherty,aoflahertyoy@npr.org
sbolzmannoz,Saundra,Bolzmann,sbolzmannoz@patch.com
akimblenp0,Artur,Kimblen,akimblenp0@topsy.com
rcurnnokkp1,Rorke,Curnnokk,rcurnnokkp1@sina.com.cn
gpokerp2,Garwood,Poker,gpokerp2@archive.org
sdoubravap3,Silvain,Doubrava,sdoubravap3@mediafire.com
rbellissp4,Ramonda,Belliss,rbellissp4@pcworld.com
sspittlep5,Sashenka,Spittle,sspittlep5@nhs.uk
mmcdonnellp6,Mariya,McDonnell,mmcdonnellp6@over-blog.com
hbrayshawp7,Harbert,Brayshaw,hbrayshawp7@nyu.edu
sperfilip8,Stanislas,Perfili,sperfilip8@sakura.ne.jp
fgarfittp9,Fae,Garfitt,fgarfittp9@wp.com
mbenfordpa,Murvyn,Benford,mbenfordpa@hibu.com
dmcgurkpb,Dorise,McGurk,dmcgurkpb@multiply.com
jdallpc,Janek,Dall,jdallpc@census.gov
tdillowaypd,Tracey,Dilloway,tdillowaypd@usgs.gov
egaberpe,Elisha,Gaber,egaberpe@foxnews.com
adubspf,Alecia,Dubs,adubspf@networksolutions.com
igenterypg,Ivar,Gentery,igenterypg@canalblog.com
opeacheyph,Odelia,Peachey,opeacheyph@tinypic.com
tansteadpi,Trudey,Anstead,tansteadpi@livejournal.com
vlangwadepj,Vito,Langwade,vlangwadepj@accuweather.com
plackintonpk,Pavlov,Lackinton,plackintonpk@fema.gov
ttilsonpl,Timofei,Tilson,ttilsonpl@springer.com
bmcrillpm,Benedetto,McRill,bmcrillpm@adobe.com
mfriedenbachpn,Mair,Friedenbach,mfriedenbachpn@is.gd
lyulepo,Langston,Yule,lyulepo@latimes.com
btumepp,Bernita,Tume,btumepp@ucoz.com
apattlepq,Aila,Pattle,apattlepq@answers.com
jjahnspr,Jayne,Jahns,jjahnspr@ucsd.edu
fbeeckxps,Frankie,Beeckx,fbeeckxps@yellowbook.com
bcalkinpt,Brant,Calkin,bcalkinpt@goo.gl
dbuckepu,Drucie,Bucke,dbuckepu@ca.gov
blaycockpv,Bryna,Laycock,blaycockpv@chronoengine.com
dcowderaypw,Derrik,Cowderay,dcowderaypw@berkeley.edu
bhennigerpx,Boycie,Henniger,bhennigerpx@cnn.com
dburgynpy,Dalenna,Burgyn,dburgynpy@tiny.cc
iwakelinpz,Isa,Wakelin,iwakelinpz@gizmodo.com
hmcindoeq0,Hendrika,McIndoe,hmcindoeq0@tripadvisor.com
rkemstonq1,Redford,Kemston,rkemstonq1@mtv.com
bskirrowq2,Briano,Skirrow,bskirrowq2@macromedia.com
shuskeq3,Sharline,Huske,shuskeq3@godaddy.com
gspencerq4,Giovanni,Spencer,gspencerq4@guardian.co.uk
bsawneyq5,Bettina,Sawney,bsawneyq5@tiny.cc
rivamyq6,Raimundo,Ivamy,rivamyq6@diigo.com
hmunkleyq7,Harlen,Munkley,hmunkleyq7@about.me
wweallq8,Washington,Weall,wweallq8@independent.co.uk
tdomelowq9,Trace,Domelow,tdomelowq9@mtv.com
shingeqa,Shea,Hinge,shingeqa@jalbum.net
lhitchensqb,Les,Hitchens,lhitchensqb@acquirethisname.com
theninghamqc,Trixie,Heningham,theninghamqc@hp.com
sallabartonqd,Stormi,Allabarton,sallabartonqd@msu.edu
mtrickerqe,Maurita,Tricker,mtrickerqe@state.gov
ejoplingqf,Emmery,Jopling,ejoplingqf@nature.com
dgraemeqg,Darci,Graeme,dgraemeqg@arstechnica.com
jmcgorleyqh,Jameson,Mc Gorley,jmcgorleyqh@ucoz.com
mparramoreqi,Muffin,Parramore,mparramoreqi@seattletimes.com
sallonbyqj,Sophie,Allonby,sallonbyqj@blogger.com
ltanswillqk,Loree,Tanswill,ltanswillqk@geocities.jp
zsalergql,Zedekiah,Salerg,zsalergql@tripadvisor.com
rdowkerqm,Rubina,Dowker,rdowkerqm@google.ca
fclarkeqn,Florian,Clarke,fclarkeqn@imgur.com
bmelwallqo,Boote,Melwall,bmelwallqo@mapy.cz
rconklinqp,Rasia,Conklin,rconklinqp@amazon.co.uk
csunnexqq,Caz,Sunnex,csunnexqq@ucoz.com
aisonqr,Almeda,Ison,aisonqr@acquirethisname.com
tsabbinsqs,Tate,Sabbins,tsabbinsqs@nasa.gov
dbramichqt,Deni,Bramich,dbramichqt@dailymotion.com
hsindallqu,Hailee,Sindall,hsindallqu@themeforest.net
aclewqv,Andie,Clew,aclewqv@hud.gov
cbiasiniqw,Corena,Biasini,cbiasiniqw@netscape.com
jreadshawqx,Jay,Readshaw,jreadshawqx@about.me
mcotilardqy,Mohandis,Cotilard,mcotilardqy@bluehost.com
ekulicqz,Eberhard,Kulic,ekulicqz@hhs.gov
mprigmorer0,Marna,Prigmore,mprigmorer0@dropbox.com
jmillsonr1,Joscelin,Millson,jmillsonr1@scientificamerican.com
nnegrir2,Natassia,Negri,nnegrir2@typepad.com
fvannsr3,Fleur,Vanns,fvannsr3@booking.com
ewakelingr4,Ermengarde,Wakeling,ewakelingr4@nydailynews.com
jhailesr5,Judie,Hailes,jhailesr5@dailymotion.com
aklagger6,Andreana,Klagge,aklagger6@blogtalkradio.com
sgerrenr7,Sapphire,Gerren,sgerrenr7@marketwatch.com
rhurkettr8,Renaldo,Hurkett,rhurkettr8@nih.gov
dlabatier9,Dix,La Batie,dlabatier9@cargocollective.com
lwinchcombra,Lucienne,Winchcomb,lwinchcombra@boston.com
yminichirb,Yelena,Minichi,yminichirb@ow.ly
kwinnettrc,Karim,Winnett,kwinnettrc@apple.com
ydeambrosird,Yehudit,De Ambrosi,ydeambrosird@walmart.com
njacobszre,Nester,Jacobsz,njacobszre@plala.or.jp
hswaffieldrf,Hi,Swaffield,hswaffieldrf@fda.gov
dilyasrg,Darryl,Ilyas,dilyasrg@ebay.co.uk
squilkinrh,Sol,Quilkin,squilkinrh@admin.ch
horeganri,Hashim,O'Regan,horeganri@typepad.com
bmcbradyrj,Berkly,McBrady,bmcbradyrj@wikia.com
vwhitmellrk,Virginia,Whitmell,vwhitmellrk@mapy.cz
jcotonrl,Jabez,Coton,jcotonrl@google.com.br
sbettingtonrm,Steve,Bettington,sbettingtonrm@prnewswire.com
vmachargrn,Victor,MacHarg,vmachargrn@eepurl.com
ldankoro,Lezley,Danko,ldankoro@mtv.com
adumingosrp,Audry,Dumingos,adumingosrp@mysql.com
tsailrq,Tymothy,Sail,tsailrq@mashable.com
sinklerr,Sayers,Inkle,sinklerr@youtu.be
